percy_weasley-percy
millicent_bulstrode-millicent
snape_harry-snape,harry
frank_bryce-frank,bruce
cedric_harry-cedric,harry
parvati_patil-parvati
hermione_well-hermione
umbridge_harry-umbridge,harry
harry_ron_hermione-harry,ron,hermione
cormac_mclaggen-cormac
lavender_brown-lavander
mundungus_fletcher-fletcher
gabrielle-gabrielle
gellert_grindelwald-grindelwald
ron_he-ron
patrick-patrick
salazar_slytherin-salazar
oliver-oliver
voldemort_harry-voldemort,harry
bill_charlie-bill,charlie
harry_hagrid-harry,hagrid
dobby_harry-dobby,harry
sirius_harry-sirius,harry
michael_corner-corner
zacharias-zacharias
gilderoy-lockhart
celestina-celestina
hermione_she-hermione
nicolas_flamel-flamel
colin_creevey-creevey
ginny_weasley-ginny
crouch_harry-bartemius,harry
stinksap-none
golgomath-none
dumbledore_he-dumbledore
seamus_finnigan-seamus
slytherins-none
amos-amos_diggory
hermione_ron-hermione,ron
severus_snape-snape
hermione_granger-hermione
dolores_umbridge-umbridge
ernie_macmillan-macmillan
neville_longbottom-neville
malfoy_crabbe-malfoy,crabbe
hermione_harry-hermione,harry
barty_crouch-bartemius
barty-bartemius
cornelius_fudge-cornelius
harry_you-harry
cedric_diggory-cedric
felix_felicis-none
hepzibah-none
patronus-none
gilderoy_lockhart-lockhart
viktor_krum-krum
fleur_delacour-fleur
longbottom-neville
ron_you-ron
boggart-none
peter-pettigrew
gringotts-none
occlumency-none
dursleys-vernon,petunia
ron_hermione-ron,hermione
ron_harry-ron,harry
lucius-lucius
tom_riddle-voldemort
tom-voldemort
harry_hermione-harry,hermione
phineas_nigellus-phineas
dursley-vernon
mclaggen-cormac
harry_harry-harry
draco_malfoy-malfoy
albus_dumbledore-dumbledore
rita-rita_skeeter
lucius_malfoy-lucius
diggory-cedric
granger-hermione
albus-dumbledore
ravenclaw-none
prince-snape
severus-snape
parvati-parvati_patil
hufflepuff-none
scabbers-pettigrew
hogsmeade-none
draco-malfoy
harry_he-harry
mundungus-fletcher
scrimgeour
prophet-none
dad-none
wormtail-pettigrew
wood-oliver
cho-cho_chang
uncle_vernon-vernon
yeah-none
riddle-voldemort
crouch-bartemius
harry_ron-harry,ron
slytherin-none
harry_potter-harry
harry_potter_voldemort-harry,voldemort
yeh-none
potter-harry
black-sirius
don-none
yeah-none